{
  "AUDUSD": 0.8573241199567908,
  "BTC/USD": 0.008573241199567908,
  "EUGERMANY40": 0.01,
  "EURCHF": 1.0713750026784374,
  "ETH/USD": 0.008573241199567908,
  "EURJPY": 0.5516084903578836,
  "GBPUSD": 0.8573241199567908,
  "NZDUSD": 0.8573241199567908,
  "US500": 0.08573241199567908,
  "USDCAD": 0.6145186168414973,
  "USDCHF": 1.0713750026784374,
  "USTECH100": 0.008573241199567908,
  "EURGBP": 1.1398219598098775,
  "USDPLN": 0.23634906866649494,
  "GOLD": 0.0008573241199567908,
  "EURUSD": 0.8572579746423091,
  "GBPJPY": 0.5518763796909493,
  "USDJPY": 0.5518855168683808
}